209,40,2
309,36,3
310,36,2
311,36,2
312,36,3
314,36,2
315,36,2
301,36,3
210,40,2
211,40,2
201,40,2
401,36,2
409,36,2
410,36,2
501,36,2
509,36,2
510,36,2
515,36,2
503,36,2
511,36,2
B207,40,2
B208,40,2
B307,40,2
B308,40,2
209,36,2
B202,40,2
B203,40,2
B302,40,2
B303,40,2
B304,40,2
201,40,2
210,38,2
211,38,2
501,38,2
503,38,2
509,38,2
510,38,2
511,38,2
515,38,2
DH,30,2
B307,38,2
B308,38,2
B207,38,2
B208,38,2
201,40,2
210,40,2
211,40,2
501,40,2
503,40,2
509,40,2
510,40,2
511,40,2
515,40,2
209,30,2
B307,40,2
B308,40,2
B207,40,2
B208,40,2
